strategy,dataset_size,time,success,aic,peak_memory_mb,memory_efficiency
jax_adam_adaptive,1000,15.974504709003668,False,inf,2.8125,355.55555555555554
jax_adam,1000,1.6689848750029341,False,inf,0.0,0.0
scipy_lbfgs,1000,0.14843125000334112,True,12047.7138671875,2.609375,383.23353293413174
jax_adam_adaptive,5000,16.22529787500389,False,inf,0.0,0.0
jax_adam,5000,4.6372199170000385,False,inf,0.0,0.0
scipy_lbfgs,5000,0.12653354099893477,True,49721.5625,2.4375,2051.2820512820513
jax_adam_adaptive,25000,26.012203833000967,False,inf,0.0,0.0
jax_adam,25000,19.934128250002686,False,inf,0.0,0.0
scipy_lbfgs,25000,0.12508445900311926,True,300859.65625,23.96875,1043.0247718383312
